<?xml version="1.0" encoding="UTF-8"?>
<!DOCTYPE mapper PUBLIC "-//mybatis.org//DTD Mapper 3.0//EN" "http://mybatis.org/dtd/mybatis-3-mapper.dtd">

<mapper namespace="com.multicampus.foodiefair.dao.ICommentDAO">
    <insert id="registerComment">
        INSERT INTO Comment (userId, reviewId, commentContent) VALUES (#{userId}, #{reviewId}, #{commentContent});
    </insert>

    <delete id="commentDelete">
        DELETE FROM Comment WHERE commentId=#{commentId};
    </delete>

    <resultMap id="commentList" type="java.util.Map">
        <result column="reviewId" property="reviewId"/>
        <result column="commentId" property="commentId"/>
        <result column="userName" property="userName"/>
        <result column="commentContent" property="commentContent"/>
        <result column="commentDate" property="commentDate"/>
    </resultMap>
    <select id="commentRead" resultMap="commentList">
        SELECT user.userName, comment.commentContent, comment.commentDate, comment.commentId, comment.reviewId
        FROM comment INNER JOIN user ON user.userId = comment.userId
        WHERE reviewId=#{reviewId} order by commentId asc;
    </select>

    <select id="reviewCommentCount" resultType="int">
        SELECT COUNT(*) reviewCommentCount FROM comment WHERE reviewId=#{reviewId};
    </select>

    <select id="findReviewId" resultType="int">
        SELECT reviewId FROM comment WHERE commentId = #{commentId};
    </select>
</mapper>
