<?xml version="1.0" encoding="UTF-8"?>
<!DOCTYPE mapper
        PUBLIC "-//mybatis.org//DTD Mapper 3.0//EN"
        "http://mybatis.org/dtd/mybatis-3-mapper.dtd">

<mapper namespace="com.multicampus.foodiefair.dao.dashboard.IDashReviewDAO">
    <select id="readDao" resultType="com.multicampus.foodiefair.dto.ReviewDTO">
        select * from Review where reviewId = #{selectedId}
    </select>

    <delete id="deleteDao">
        delete from Review where reviewId = #{selectedId}
    </delete>

    <select id="selectDashReviewList" resultType="com.multicampus.foodiefair.dto.ReviewDTO">
        SELECT *
        FROM (
        SELECT tt.*, ROW_NUMBER() OVER(ORDER BY
            <choose>
                <when test="sortOrder == 'reviewIdDESC'">
                    tt.reviewId DESC
                </when>
                <when test="sortOrder == 'reviewIdASC'">
                    tt.reviewId ASC
                </when>
                <when test="sortOrder == 'productIdDESC'">
                    tt.productId DESC
                </when>
                <when test="sortOrder == 'productIdASC'">
                    tt.productId ASC
                </when>
                <otherwise>
                    tt.reviewId DESC
                </otherwise>
            </choose>
        ) row_num
        FROM Review tt
        <where>
            <if test="searchKeyword != null">
                AND tt.productId LIKE CONCAT('%', #{searchKeyword}, '%')
            </if>
        </where>
        ) t
        WHERE row_num BETWEEN #{pageReviewerRequestDto.skip} + 1 AND #{pageReviewerRequestDto.page} * #{pageReviewerRequestDto.size}
    </select>

    <select id="getDashReviewCount" resultType="int">
        SELECT count(*) FROM (
        SELECT reviewId FROM Review
        <where>
            <if test="searchKeyword != null">
                AND productId LIKE CONCAT('%', #{searchKeyword}, '%')
            </if>
        </where>
        ) AS filtered_product
    </select>
</mapper>
